{"height_fractions": [0.05, 0.1, 0.15000000000000002, 0.2, 0.25, 0.3, 0.35000000000000003, 0.4, 0.45, 0.5, 0.55, 0.6000000000000001, 0.6500000000000001, 0.7000000000000001, 0.7500000000000001, 0.8, 0.8500000000000001, 0.9000000000000001, 0.9500000000000001, 1.0], "mean_test_mae": [0.5824778790529631, 0.5346811445846161, 0.5106808918412661, 0.4956335964595375, 0.48501049785807504, 0.4772364018905593, 0.47139664923323193, 0.46677671622264055, 0.4632308537421026, 0.4604773095670601, 0.4583902510050827, 0.4567119649521544, 0.4555148681288702, 0.45467797811591415, 0.4541175449146822, 0.4537101902221758, 0.4535494432971522, 0.4534368033150848, 0.4534368179897396, 0.45346891334092376], "mean_test_mse": [0.5864735546270865, 0.4982421899512872, 0.456777910500381, 0.43195817982221535, 0.41489503980933196, 0.40285894416390633, 0.39395417718053954, 0.3871711226915415, 0.38196423821706493, 0.3780065408491717, 0.3750861053256792, 0.3727895524776599, 0.37118979430129917, 0.370094061884325, 0.3693973696482516, 0.36892137895739807, 0.36883593222176786, 0.36877337422404316, 0.3688225954111304, 0.3689377614020857], "mean_max_f_esc_pred": [-0.3306098474914891, -0.3081871536404129, -0.325997656337792, -0.3435838761637157, -0.3544043622423171, -0.3617019950145865, -0.36972481366765036, -0.37491555739641397, -0.3800427318836755, -0.38099136591733307, -0.38364341717099437, -0.38435663896556826, -0.38233520481335065, -0.3857273968471258, -0.38517146968195093, -0.3861736033675396, -0.38423103978741496, -0.38950458913757807, -0.38675215128362417, -0.38698298936315917]}