{"max_features": [1, 2, 3, 4, 5, 6, 7, 8, 9, 10, 11, 12, 13, 14, 15], "mean_test_mae": [0.4836900343623361, 0.46529107104165085, 0.4581690937685291, 0.45389202926957545, 0.4513604799186987, 0.45001340820523855, 0.448725423060826, 0.44758861748875406, 0.4469238722394204, 0.44677182020735046, 0.44641709369997856, 0.44628848223014267, 0.4463575328832209, 0.44690501818821854, 0.44732701592303803], "mean_test_mse": [0.40892075199415134, 0.3846892077199527, 0.37490754813756694, 0.3693525631190679, 0.3659354210291816, 0.36461691582679867, 0.36258335487872473, 0.36135661188967483, 0.3606024072786928, 0.360534794610715, 0.36017487589038644, 0.360059453256338, 0.3603774226352283, 0.3611279823879686, 0.36161382410710424]}