{"min_leafs": [5, 10, 15, 20, 25, 30, 35, 40, 45, 50, 55, 60, 65, 70, 75, 80, 85, 90, 95, 100, 105, 110, 115, 120, 125, 130, 135, 140, 145, 150, 155, 160, 165, 170, 175, 180, 185, 190, 195, 200, 205, 210, 215, 220, 225, 230, 235, 240, 245, 250, 255, 260, 265, 270, 275, 280, 285, 290, 295, 300], "mean_test_mae": [0.4264448983998406, 0.4328028406457346, 0.43768502550706706, 0.44142080662344246, 0.4444750648347447, 0.4469577588221346, 0.4491458905048071, 0.4510771759880624, 0.45277188613526953, 0.4543030710473329, 0.45586917594546783, 0.4570151934521762, 0.45817706567298766, 0.4592955065318587, 0.4604059793010834, 0.46114183822927135, 0.4622262118353927, 0.4631143352801869, 0.46398497792620974, 0.4646171376114957, 0.46548467908888436, 0.4661797814674218, 0.46682139446029003, 0.4675461187445478, 0.4680923912072276, 0.46869662213558383, 0.46925358211246226, 0.4700001789455118, 0.470425986491757, 0.47099486217434106, 0.47137528240875143, 0.4719374262104279, 0.4723623358525429, 0.4729624247253376, 0.47343460441358926, 0.47375042144413887, 0.47412086841211354, 0.4746667245305506, 0.4751193664673621, 0.47551847194287805, 0.47580803642007863, 0.4762040313699045, 0.47652511228029193, 0.476842249539654, 0.47729534404740204, 0.477578610659888, 0.47793705703342326, 0.4781642117558727, 0.47839597320333116, 0.4786899926130329, 0.4791373063769192, 0.4794673623621499, 0.4798373957274208, 0.480192545437248, 0.4803799815643773, 0.48056711088231535, 0.48078636696771887, 0.4811380458456986, 0.48128525304245046, 0.48170644566980325], "mean_test_mse": [0.33455842185776796, 0.34218838803536933, 0.34821808974437907, 0.35302363812551224, 0.35693749486928705, 0.3601672732595189, 0.36291846501569236, 0.3655537739979886, 0.3676227850348406, 0.36971552179534556, 0.37177424804544473, 0.3733753938077894, 0.3748758923377239, 0.3764127594880911, 0.37794777144081204, 0.3789709220224557, 0.3804107708399139, 0.3816673653262234, 0.3827092124830437, 0.3836517478078011, 0.3848320194496344, 0.38562301547072825, 0.3865943730523612, 0.3875089572165198, 0.3884634130342073, 0.38927400755486186, 0.3900425579337315, 0.39095574978443753, 0.39157718492047716, 0.39240452407497645, 0.39280061296455104, 0.39361784311382547, 0.39419416019441744, 0.3951162016366324, 0.39574602529504055, 0.39623076492883197, 0.396692524537513, 0.39735224464083113, 0.39808017318460603, 0.398618872518152, 0.3990460355790054, 0.39960562237988595, 0.39994917988244527, 0.40039823540810754, 0.40100441628931394, 0.40152145032398756, 0.4019472116750039, 0.4023277419513146, 0.4026776893960259, 0.40306910051223044, 0.4035732485632768, 0.40403705665838413, 0.4045548709071583, 0.40505247420532553, 0.4053755406159219, 0.40562904625144397, 0.4059314881440207, 0.40631720483027606, 0.40656917526525305, 0.4070391221179886], "mean_train_mae": [0.2914721077537864, 0.3511740818535074, 0.3782510630300445, 0.3943178179479235, 0.40528367526538467, 0.41329437928751345, 0.4195802569364483, 0.4244500729059232, 0.4286493445206866, 0.4321448213029841, 0.43535332954221745, 0.4377930573949202, 0.44027450497727266, 0.44234343309998153, 0.4444079173453191, 0.4459430986741412, 0.4476907694555409, 0.4492600312829748, 0.45063811602115, 0.45185236713474775, 0.4531860239488611, 0.4542686904158539, 0.4553241821689095, 0.45638685464479795, 0.4573163078616579, 0.4583316521432092, 0.45915631918176575, 0.4601474474536295, 0.46078582194497103, 0.4616515101547326, 0.4622523990797305, 0.4629557818728792, 0.46357975698110643, 0.4643825505107266, 0.46507101984799437, 0.4656192262311481, 0.46610656660681826, 0.4667789095019489, 0.467429920067996, 0.46794425904723636, 0.46836402327731746, 0.46891145670023676, 0.46926071305188594, 0.4697234351971534, 0.470412356762598, 0.4707626173089908, 0.47118076449757257, 0.47156041655052283, 0.471867983131133, 0.4722957146784488, 0.4727889102075178, 0.4732076633129615, 0.4736284531675697, 0.47408467444840613, 0.4743414638656568, 0.4746325723323995, 0.47496095397749405, 0.47536266986920783, 0.47557074965934365, 0.47608152940262033], "mean_train_mse": [0.164988341694687, 0.23138296676640327, 0.26480175332228595, 0.2855050784123465, 0.3000615739323378, 0.31086177271032994, 0.3194846151793402, 0.3261714772171701, 0.33197121634955196, 0.3368251021724187, 0.3413818482521932, 0.34477727316314144, 0.3482421184491119, 0.35129729816580146, 0.3540586396060317, 0.356247190422432, 0.3587266370342288, 0.36091374470654525, 0.3628859046768773, 0.36460521105090693, 0.36650326913942266, 0.3679922975974187, 0.369453246720055, 0.37096240388653845, 0.37232730188600266, 0.3737908510864697, 0.3749451963244681, 0.37644706341267525, 0.37727608556871406, 0.3785472334586809, 0.3793329910533959, 0.3803970532700362, 0.38128457475012956, 0.3824309521166239, 0.38334450483951554, 0.3841497755604614, 0.3848395901520077, 0.38580124599053295, 0.3867613558399021, 0.38747767425588664, 0.3880740578005159, 0.3888002509651783, 0.38932599098310894, 0.389944115720395, 0.3908156492553185, 0.39147427336337054, 0.39203115777026637, 0.39261533830659034, 0.393112749684702, 0.39367673560470295, 0.39435717773910345, 0.39492898518368813, 0.3955276229337094, 0.3961163569272681, 0.39653898721847486, 0.3969473608795635, 0.3973941102728352, 0.3979690482119754, 0.3982847040781296, 0.3988524138245677]}