{"n_estimators": [10, 20, 30, 40, 50, 60, 70, 80, 90, 100, 110, 120, 130, 140, 150, 160, 170, 180, 190, 200, 210, 220, 230, 240, 250, 260, 270, 280, 290, 300, 310, 320, 330, 340, 350, 360, 370, 380, 390, 400, 410, 420, 430, 440, 450, 460, 470, 480, 490, 500, 510, 520, 530, 540, 550, 560, 570, 580, 590, 600, 610, 620, 630, 640, 650, 660, 670, 680, 690, 700, 710, 720, 730, 740, 750, 760, 770, 780, 790, 800, 810, 820, 830, 840, 850, 860, 870, 880, 890, 900, 910, 920, 930, 940, 950, 960, 970, 980, 990, 1000], "mean_test_mae": [0.45872402712979826, 0.456270122420768, 0.4556365484238073, 0.45542498500284995, 0.4551543807232803, 0.454916650919296, 0.4547017869086365, 0.45459512544733116, 0.45449576485098053, 0.4544315784977379, 0.4543613286967477, 0.4543378105464543, 0.45430142015566205, 0.4542666770098223, 0.4542759264869506, 0.45431692143015245, 0.4543064946909571, 0.454331055741885, 0.4543349671233156, 0.4543116607693409, 0.4542439572704045, 0.45423298768497944, 0.4542124023892666, 0.454170483587012, 0.45413284284799726, 0.4541250585406448, 0.4541641852171444, 0.4541774712296017, 0.4541754423493944, 0.45420465595032544, 0.454192056718702, 0.4541649109499987, 0.4541350906285321, 0.45414375801342316, 0.45414436457848195, 0.454151352706868, 0.4541595335435499, 0.45415748571522513, 0.4541454378509912, 0.45416687185300697, 0.45416409841962524, 0.45415322525550295, 0.4541576987543879, 0.4541462996961787, 0.4541599226189096, 0.4541693096276954, 0.45415769490147373, 0.45415499296460754, 0.4541470194401385, 0.4541436688280592, 0.4541471181296223, 0.45413760092236066, 0.4541345103027029, 0.45412810517670044, 0.45411911322019316, 0.45410192325695176, 0.4541143235110705, 0.4541157069639354, 0.45410909860081644, 0.4540982351200326, 0.45410926036915067, 0.4540901695000044, 0.4540904173126892, 0.4540882735371244, 0.4540895591595066, 0.45408714912967935, 0.4540865986808771, 0.4540941705240792, 0.45408026271631297, 0.45408340751957404, 0.45407840616080686, 0.45408260498997494, 0.4540773840793418, 0.45407865225226357, 0.4540786751518323, 0.4540728972053937, 0.4540669491439685, 0.4540653919723467, 0.45407297499166993, 0.4540643305822183, 0.45406673756129284, 0.45406689626671237, 0.454058625851501, 0.45405580966890147, 0.45404328135613065, 0.45404687415573897, 0.45404518402254557, 0.4540444847389543, 0.45404232881568884, 0.4540486562034073, 0.4540466287725418, 0.4540514963146115, 0.45404601531914446, 0.4540457313482339, 0.4540465639246805, 0.45404496118874044, 0.45404112942871444, 0.4540390382070837, 0.4540398727313173, 0.4540415290910671], "mean_test_mse": [0.37609760209633114, 0.37261591898161817, 0.3717424628220798, 0.37145084909327947, 0.37106297197711674, 0.37059524737525756, 0.37028392214686995, 0.37016759039744546, 0.3700320368581347, 0.3699423149478323, 0.3698605583106188, 0.3698370331925157, 0.3697726244095016, 0.36971939346876287, 0.36971727976925706, 0.3697439124658551, 0.3697364560895483, 0.3697624019235794, 0.3697584397126221, 0.369738756098317, 0.3696454486551049, 0.36963933895638496, 0.3696216818771715, 0.36955754273040675, 0.36951973537211685, 0.3695102411393739, 0.36956268643435314, 0.3695732597428055, 0.36956047673747244, 0.36959436330527806, 0.3695677646972021, 0.369535358916738, 0.36948952500170645, 0.3694899135214035, 0.3694913915938485, 0.36949777396853, 0.36950539916708675, 0.36950551990662284, 0.3694878113102179, 0.3695253718024305, 0.3695307154227977, 0.3695203874425004, 0.3695247438101571, 0.36950936147455515, 0.3695233293951371, 0.3695363248832958, 0.3695112267182894, 0.36951074606647777, 0.3695011106335482, 0.3694962111502461, 0.36950103329660633, 0.36949651142795187, 0.3694905142976344, 0.3694828998066311, 0.369463146464723, 0.3694439159241417, 0.3694640668279557, 0.36946773598581606, 0.36945831666454204, 0.36944363942318714, 0.36946391179897375, 0.36943551026484, 0.3694393454242443, 0.3694399765226951, 0.369439964739113, 0.3694366166665296, 0.3694373939636195, 0.3694437911105198, 0.3694259728628203, 0.369430386692258, 0.3694238213763378, 0.3694312368022892, 0.3694287734841918, 0.36942870947111445, 0.36943119435868993, 0.3694245754089144, 0.36941594407292955, 0.36941093273412556, 0.36942053687458254, 0.36940945459620933, 0.3694129471678026, 0.36941680997580395, 0.3694008747621, 0.36940097587389686, 0.36938237532401186, 0.36938590487061795, 0.36938022790724895, 0.369377519197844, 0.3693682608703554, 0.3693764955014629, 0.3693736878714996, 0.3693837798270003, 0.3693754068510838, 0.3693750647326318, 0.3693791674835588, 0.3693781909695571, 0.3693745381322355, 0.36937638434789943, 0.3693776074444431, 0.3693804783932566], "mean_time": [0.3462674140930176, 0.45625996589660645, 0.7436601638793945, 0.9339423418045044, 1.0937058687210084, 1.293316650390625, 1.4396303176879883, 1.6360848665237426, 1.9167507886886597, 2.0288403987884522, 2.165705370903015, 2.3982409954071047, 2.6080335140228272, 2.690002369880676, 2.8119110345840452, 2.9755922079086305, 3.1827980518341064, 3.30431969165802, 3.5507423639297486, 3.78837103843689, 3.9169125080108644, 4.131878995895386, 4.258439064025879, 4.538218927383423, 4.7198748111724855, 4.675420498847961, 4.918177008628845, 5.070382189750672, 5.233417129516601, 5.36617865562439, 5.422081875801086, 5.76927969455719, 5.842126321792603, 6.022447657585144, 6.041610479354858, 6.2333008527755736, 6.433404469490052, 6.511232709884643, 6.809060907363891, 6.9596810102462765, 7.066927194595337, 7.267160415649414, 7.165530562400818, 8.002441215515137, 8.00719711780548, 8.137078261375427, 8.420450401306152, 8.39608097076416, 8.889086532592774, 8.994814825057983, 9.08088014125824, 9.224191546440125, 9.041689395904541, 9.027141189575195, 9.272054052352905, 9.673553800582885, 9.844872331619262, 9.904814600944519, 10.08854420185089, 10.523267936706542, 10.03883900642395, 10.059484434127807, 9.54953737258911, 9.803290963172913, 9.755502939224243, 10.049163985252381, 10.158939862251282, 10.277568125724793, 10.500807547569275, 10.62718698978424, 10.803797936439514, 10.900094580650329, 11.110809564590454, 11.199851846694946, 11.42363805770874, 11.543292093276978, 11.61468472480774, 11.783549404144287, 11.998404479026794, 12.043007111549377, 12.251348853111267, 12.432547402381896, 12.508979153633117, 12.606809091567992, 12.777658820152283, 12.956387400627136, 13.2090083360672, 13.287736749649047, 13.434611248970032, 13.514675426483155, 13.751806211471557, 13.9290180683136, 14.008323860168456, 14.01879563331604, 13.969097995758057, 14.136456775665284, 14.264406371116639, 14.414469528198243, 14.54648277759552, 14.653000330924987]}